{"cameraMode":{"drawMode":0,"name":"Shaded","section":"Shading Mode"},"sceneLighting":true,"audioPlay":false,"sceneViewState":{"showFog":true,"showMaterialUpdate":false,"showSkybox":true,"showFlares":true,"showImageEffects":true,"showParticleSystems":true},"in2DMode":false,"pivot":{"x":-0.4549349546432495,"y":0.12415570020675659,"z":4.926016807556152},"rotation":{"x":0.044231753796339038,"y":-0.0793251320719719,"z":0.0035216324031352998,"w":0.9958608746528626},"size":5.084073066711426,"orthographic":false}