{"cameraMode":{"drawMode":0,"name":"Shaded","section":"Shading Mode"},"sceneLighting":false,"audioPlay":false,"sceneViewState":{"showFog":true,"showMaterialUpdate":false,"showSkybox":false,"showFlares":true,"showImageEffects":true,"showParticleSystems":true},"in2DMode":false,"pivot":{"x":-0.31676754355430605,"y":-0.7949872016906738,"z":4.233163356781006},"rotation":{"x":0.09820297360420227,"y":-0.02237667702138424,"z":0.0022070053964853288,"w":0.9949128031730652},"size":4.349322319030762,"orthographic":false}