{"cameraMode":{"drawMode":0,"name":"Shaded","section":"Shading Mode"},"sceneLighting":true,"audioPlay":false,"sceneViewState":{"showFog":true,"showMaterialUpdate":false,"showSkybox":true,"showFlares":true,"showImageEffects":true,"showParticleSystems":true},"in2DMode":false,"pivot":{"x":-2.0195069313049318,"y":-5.847060203552246,"z":14.84849739074707},"rotation":{"x":-0.20790773630142213,"y":0.08848004043102265,"z":-0.018887637183070184,"w":-0.9739593267440796},"size":11.148415565490723,"orthographic":false}